CUT,TITLE,ARTIST,ALBUM,GROUP,ACTSTART,ACTDUR,DATE,
"50362","LEAD Bees - First 56","Rae!                                                        ","                                                            ","SHORTPSA","00:10:27","00:00:37","01/26/26",""
"50131","LOCAL BLOCK PSA","[CASEY]                                                     ","                                                            ","LONGPSA","00:11:04","00:00:45","01/26/26",""
"50302","NEW Sound Psa Short","Rae!                                                        ","                                                            ","SHORTPSA","00:11:49","00:00:21","01/26/26",""
"50319","ALDOT Drive Seatbelts EMT","                                                            ","                                                            ","SHORTPSA","00:21:39","00:00:30","01/26/26",""
"50125","ASC Get Rich 60","                                                            ","                                                            ","LONGPSA","00:22:09","00:01:00","01/26/26",""
"50322","Stay Sharp (Marcia Gay Harden) 30","Gov PSA                                                     ","                                                            ","SHORTPSA","00:23:09","00:00:32","01/26/26",""
"50318","Choose Adoption 30","Gov PSA                                                     ","                                                            ","SHORTPSA","00:39:44","00:00:30","01/26/26",""
"50112","All Kids 2023","ADPH                                                        ","                                                            ","LONGPSA","00:40:14","00:01:00","01/26/26",""
"50349","Dr. Hepcat Show Promo _mixdown","                                                            ","                                                            ","SHORTPSA","00:41:14","00:00:26","01/26/26",""
"50026","I AM LEGEND ID","[CASEY]                                                     ","                                                            ","IDS","00:58:46","00:00:10","01/26/26",""
"47849","ADPH COVID Fall 23 Jeremy","                                                            ","                                                            ","SHORTPSA","01:16:23","00:00:30","01/26/26",""
"50147","LEAD Long PSA","RAE!                                                        ","                                                            ","LONGPSA","01:16:53","00:01:16","01/26/26",""
"50348","AL Workforce","                                                            ","                                                            ","SHORTPSA","01:18:09","00:00:30","01/26/26",""
"50354","ADHR Elder Neglect","Adult Protective Services                                   ","                                                            ","SHORTPSA","01:34:45","00:00:30","01/26/26",""
"50142","Rental Assistance Mainstream","AL Housing                                                  ","                                                            ","LONGPSA","01:35:15","00:01:00","01/26/26",""
"50325","Kids' Oral Health (Manners) 30","Gov PSA                                                     ","                                                            ","SHORTPSA","01:36:15","00:00:30","01/26/26",""
"50381","STD Testing","                                                            ","                                                            ","SHORTPSA","01:49:04","00:00:30","01/26/26",""
"50101","Breakup (Adoption) 60","                                                            ","                                                            ","LONGPSA","01:49:34","00:01:00","01/26/26",""
"50367","Mortgage Assist Urban 30","                                                            ","                                                            ","SHORTPSA","01:50:34","00:00:30","01/26/26",""
"50008","Blockin' The Street SID","Brian Griffin                                               ","                                                            ","IDS","01:58:52","00:00:20","01/26/26",""
"50399","CDCZika-KeepStopping-30-English(1)","                                                            ","                                                            ","SHORTPSA","02:15:49","00:00:31","01/26/26",""
"50132","UPC HOLIDAY LIGHTS PSA","[CASEY]                                                     ","                                                            ","LONGPSA","02:16:20","00:01:00","01/26/26",""
"50390","All In One Tix Urban","AL Tourism Department                                       ","                                                            ","SHORTPSA","02:17:20","00:00:30","01/26/26",""
"50372","Amy National Guard Family","                                                            ","                                                            ","SHORTPSA","02:32:42","00:00:30","01/26/26",""
"50104","Pooped (Childhood Cancer) 60","                                                            ","                                                            ","LONGPSA","02:33:12","00:01:00","01/26/26",""
"50376","ALW Answers","                                                            ","                                                            ","SHORTPSA","02:34:12","00:00:30","01/26/26",""
"50301","811CBYD2","811                                                         ","                                                            ","SHORTPSA","02:45:12","00:00:30","01/26/26",""
"50115","CDC Tips2 Tiffany Radio 60 psa","                                                            ","                                                            ","LONGPSA","02:45:42","00:01:00","01/26/26",""
"50338","Time Machine 30","                                                            ","                                                            ","SHORTPSA","02:46:42","00:00:30","01/26/26",""
"50018","KramerHedgepathSID","Cosmo Kramer                                                ","                                                            ","IDS","03:02:09","00:00:13","01/26/26",""
"50668","Poem","US Girls                                                    ","In A Poem Unlimited                                         ","INDIE","03:02:22","00:03:31","01/26/26",""
"50743","Colosseums","The New Pornographers                                       ","Whiteout Conditions                                         ","INDIE","03:05:53","00:03:15","01/26/26",""
"50675","Siphon","Zola Jesus                                                  ","Okovi                                                       ","INDIE","03:09:08","00:03:46","01/26/26",""
"50653","Shades of Blue","Yo La Tengo                                                 ","There's A Riot Going On                                     ","INDIE","03:12:54","00:02:50","01/26/26",""
"50305","PetersonFarm","811                                                         ","                                                            ","SHORTPSA","03:15:44","00:00:30","01/26/26",""
"50107","Dr Phil 60","                                                            ","                                                            ","LONGPSA","03:16:14","00:01:00","01/26/26",""
"50378","ISSUEVOTER PSA 03","ISSUEVOTER AND [CASEY]                                      ","                                                            ","SHORTPSA","03:17:14","00:00:30","01/26/26",""
"50593","Coast to Coast","Tune-Yards                                                  ","I can feel you creep into my private life                   ","INDIE","03:17:44","00:03:56","01/26/26",""
"50522","Tuesday","Hippo Campus                                                ","Landmark                                                    ","INDIE","03:21:40","00:03:13","01/26/26",""
"50768","Ordinary Day","The Districts                                               ","Popular Manipulations                                       ","INDIE","03:24:53","00:04:44","01/26/26",""
"50355","Elder Abuse","Adult Protective Services                                   ","                                                            ","SHORTPSA","03:29:37","00:00:30","01/26/26",""
"50110","Stay Sharp (Marcia Gay Harden) 60","Gov PSA                                                     ","                                                            ","LONGPSA","03:30:07","00:01:03","01/26/26",""
"50356","COVID Fall 23 Anthony","ADPH                                                        ","                                                            ","SHORTPSA","03:31:10","00:00:29","01/26/26",""
"50598","Tonight I'm Wearing Silk","Vundabar                                                    ","Smell Smoke                                                 ","INDIE","03:31:39","00:02:56","01/26/26",""
"50579","Blood Under My Belt","The Drums                                                   ","Abysmal Thoughts                                            ","INDIE","03:34:35","00:04:28","01/26/26",""
"50862","Death with Dignity","Sufjan Stevens                                              ","Carrie & Lowell                                             ","INDIE","03:39:03","00:03:56","01/26/26",""
"50848","Youth","The Wild State                                              ","                                                            ","INDIE","03:42:59","00:04:16","01/26/26",""
"50118","Rockstar 60","                                                            ","                                                            ","LONGPSA","03:47:15","00:00:59","01/26/26",""
"50344","Indoor Baseball 30","                                                            ","                                                            ","SHORTPSA","03:48:14","00:00:30","01/26/26",""
"50842","Words and Guitar","Sleater-Kinney & Courtney Barnett                           ","Words and Guitar - Single                                   ","INDIE","03:48:44","00:02:22","01/26/26",""
"50514","Space + Time","Mack Keane                                                  ","Dry Creek Rd - EP                                           ","INDIE","03:51:06","00:04:02","01/26/26",""
"50603","Sea Snake","The Dip                                                     ","                                                            ","INDIE","03:55:08","00:03:01","01/26/26",""
"50024","DONNY G STATION ID","[CASEY]                                                     ","                                                            ","IDS","03:58:09","00:00:17","01/26/26",""
"50731","Raining","The Front Bottoms                                           ","Going Grey                                                  ","INDIE","03:58:26","00:03:03","01/26/26",""
"50555","Flamingo","Kero Kero Bonito                                            ","                                                            ","INDIE","04:01:29","00:03:14","01/26/26",""
"50512","Colored Emotions","Night Moves                                                 ","Colored Emotions                                            ","INDIE","04:04:43","00:04:19","01/26/26",""
"50626","Wizard Of Loneliness","Wild Pink                                                   ","Wild Pink                                                   ","INDIE","04:09:02","00:02:36","01/26/26",""
"50347","I Am A Witness_English_30","                                                            ","                                                            ","SHORTPSA","04:11:38","00:00:30","01/26/26",""
"50130","ASC Get Rich 60","                                                            ","                                                            ","LONGPSA","04:12:08","00:01:00","01/26/26",""
"50324","Stroke Awareness (Party) 30","Gov PSA                                                     ","                                                            ","SHORTPSA","04:13:08","00:00:30","01/26/26",""
"50672","All Wordz Are Made Up","The Voidz                                                   ","Virtue                                                      ","INDIE","04:13:38","00:03:11","01/26/26",""
"50688","Colossus","IDLES                                                       ","Joy as an Act of Resistance.                                ","INDIE","04:16:49","00:05:40","01/26/26",""
"50806","Die 4 You","Perfume Genius                                              ","No Shape                                                    ","INDIE","04:22:29","00:03:31","01/26/26",""
"50310","SSS Bikini 30","Gov PSA                                                     ","                                                            ","SHORTPSA","04:26:00","00:00:30","01/26/26",""
"50137","Mortgage Assist Mainstream 60","                                                            ","                                                            ","LONGPSA","04:26:30","00:01:00","01/26/26",""
"50300","811CBYD","811                                                         ","                                                            ","SHORTPSA","04:27:30","00:00:30","01/26/26",""
"50641","I Don't Believe You","The Magnetic Fields                                         ","I                                                           ","INDIE","04:28:00","00:03:39","01/26/26",""
"50524","Baby Act","No Complications                                            ","                                                            ","INDIE","04:31:39","00:05:01","01/26/26",""
"50572","Lookers","The Menzingers                                              ","After The Party                                             ","INDIE","04:36:40","00:03:37","01/26/26",""
"50748","Carin at the Liquor Store","The National                                                ","Sleep Well Beast                                            ","INDIE","04:40:17","00:03:32","01/26/26",""
"50139","Coming Around","AL Clean Fuels Coalition                                    ","                                                            ","LONGPSA","04:43:49","00:00:59","01/26/26",""
"50340","Dustin Lynch 30","                                                            ","                                                            ","SHORTPSA","04:44:48","00:00:30","01/26/26",""
"50686","80 West","The Dream Syndicate                                         ","How Did I Find Myself Here?                                 ","INDIE","04:45:19","00:04:15","01/26/26",""
"50541","Run Baby Run","Toro Y Moi                                                  ","What For?                                                   ","INDIE","04:49:34","00:02:43","01/26/26",""
"50638","Cold Apartment","Vagabon                                                     ","Infinite Worlds                                             ","INDIE","04:52:17","00:03:26","01/26/26",""
"50706","Butterfly Dream","Turnover                                                    ","Super Natural                                               ","INDIE","04:55:43","00:03:28","01/26/26",""
"50028","What's the Weather SID","Robin Williams                                              ","                                                            ","IDS","04:59:11","00:00:06","01/26/26",""
"50813","Crimson Telephone","The Coathangers                                             ","                                                            ","INDIE","04:59:17","00:03:08","01/26/26",""
"50666","Incidental Boogie","US Girls                                                    ","In A Poem Unlimited                                         ","INDIE","05:02:25","00:03:21","01/26/26",""
"50729","#53","Weaves                                                      ","Wide Open                                                   ","INDIE","05:05:46","00:03:59","01/26/26",""
"50562","Space Song","Beach House                                                 ","Depression Cherry                                           ","INDIE","05:09:45","00:05:18","01/26/26",""
"50342","This Is Why 30","                                                            ","                                                            ","SHORTPSA","05:15:03","00:00:30","01/26/26",""
"50141","ROCK BLOCK PSA","[CASEY]                                                     ","                                                            ","LONGPSA","05:15:33","00:01:00","01/26/26",""
"50316","AUAW At Work Phase II","                                                            ","                                                            ","SHORTPSA","05:16:33","00:00:30","01/26/26",""
"50652","Out of the Pool","Yo La Tengo                                                 ","There's A Riot Going On                                     ","INDIE","05:17:03","00:02:42","01/26/26",""
"50613","Weird Fishes/Arpeggi","Radiohead                                                   ","In Rainbows                                                 ","INDIE","05:19:45","00:05:16","01/26/26",""
"50767","If Before I Wake","The Districts                                               ","Popular Manipulations                                       ","INDIE","05:25:01","00:02:56","01/26/26",""
"50389","BARD SESSIONS PSA","[CASEY]                                                     ","                                                            ","SHORTPSA","05:27:57","00:00:35","01/26/26",""
"50143","MADLIBS SPRING 25","MADLIBS and Wax Villain                                     ","                                                            ","LONGPSA","05:28:33","00:00:58","01/26/26",""
"50304","Opioid Abuse","NHHS                                                        ","                                                            ","SHORTPSA","05:29:31","00:00:30","01/26/26",""
"50597","Diver","Vundabar                                                    ","Smell Smoke                                                 ","INDIE","05:30:01","00:04:00","01/26/26",""
"01842","It's Called Freefall (Radio Edit)","Rainbow Kitten Surprise                                     ","                                                            ","INDIE","05:34:01","00:02:32","01/26/26",""
"50507","Laundry Room","The Avett Brothers                                          ","                                                            ","INDIE","05:36:33","00:04:49","01/26/26",""
"50796","Shelved","The Mountain Goats                                          ","Goths                                                       ","INDIE","05:41:22","00:03:57","01/26/26",""
"50144","KHARI LEE SESSIONS PSA","[CASEY]                                                     ","                                                            ","LONGPSA","05:45:19","00:00:48","01/26/26",""
"50343","Tickle Fight 30","                                                            ","                                                            ","SHORTPSA","05:46:07","00:00:30","01/26/26",""
"50533","Salad Days","Mac DeMarco                                                 ","                                                            ","INDIE","05:46:37","00:02:23","01/26/26",""
"50592","Look at Your Hands","Tune-Yards                                                  ","I can feel you creep into my private life                   ","INDIE","05:49:00","00:03:45","01/26/26",""
"50837","Horsehead","DIIV                                                        ","Deceiver                                                    ","INDIE","05:52:45","00:05:06","01/26/26",""
"50549","How to Fight Loneliness","Wilco                                                       ","Wilco                                                       ","INDIE","05:57:51","00:03:48","01/26/26",""
"50067","Clueless SID","                                                            ","                                                            ","IDS","06:01:40","00:00:13","01/26/26",""
"50754","Brass Beam","Waxahatchee                                                 ","Out in the Storm                                            ","INDIE","06:01:53","00:02:41","01/26/26",""
"50532","Cigarette Skies","Sleepig Jesus                                               ","                                                            ","INDIE","06:04:34","00:03:08","01/26/26",""
"50601","Alaska","Pinegrove                                                   ","11:11                                                       ","INDIE","06:07:42","00:02:05","01/26/26",""
"12587","The Basement","Lunar Vacation                                              ","Artificial Flavors - EP                                     ","INDIE","06:09:47","00:04:36","01/26/26",""
"50339","Call A Friend","VA                                                          ","                                                            ","SHORTPSA","06:14:23","00:00:30","01/26/26",""
"50140","LEAD Tiger Roar Long PSA","RAE!                                                        ","                                                            ","LONGPSA","06:14:53","00:00:59","01/26/26",""
"50384","Compact Discourse 2 30s","                                                            ","                                                            ","SHORTPSA","06:15:52","00:00:31","01/26/26",""
"50576","Kingston","Faye Webster                                                ","Atlanta Millionaires Club                                   ","INDIE","06:16:23","00:03:20","01/26/26",""
"50611","TV Dinners","MJ Lenderman                                                ","Knockin' - EP                                               ","INDIE","06:19:43","00:03:49","01/26/26",""
"50689","I'm Scum","IDLES                                                       ","Joy as an Act of Resistance.                                ","INDIE","06:23:32","00:03:09","01/26/26",""
"50317","Compact Discourse 1 30s","                                                            ","                                                            ","SHORTPSA","06:26:41","00:00:30","01/26/26",""
"50119","Rich Uncle 60","                                                            ","                                                            ","LONGPSA","06:27:11","00:00:59","01/26/26",""
"50400","CDCZika-WomanDoctor-30-Spanish(1)","                                                            ","                                                            ","SHORTPSA","06:28:10","00:00:30","01/26/26",""
"50765","Slip Away","Perfume Genius                                              ","No Shape                                                    ","INDIE","06:28:40","00:02:46","01/26/26",""
"50865","Motion Sickness","Phoebe Bridgers                                             ","Stranger In The Alps                                        ","INDIE","06:31:26","00:03:48","01/26/26",""
"50588","The Luckiest Guy On The Lower East Side","The Magnetic Fields                                         ","The Magnetic Fields                                         ","INDIE","06:35:14","00:03:39","01/26/26",""
"50732","Everyone But You","The Front Bottoms                                           ","Going Grey                                                  ","INDIE","06:38:53","00:03:27","01/26/26",""
"50137","Mortgage Assist Mainstream 60","                                                            ","                                                            ","LONGPSA","06:42:20","00:01:01","01/26/26",""
"50350","MPox","ADPH                                                        ","                                                            ","SHORTPSA","06:43:21","00:00:30","01/26/26",""
"50752","Guilty Party","The National                                                ","Sleep Well Beast                                            ","INDIE","06:43:51","00:05:36","01/26/26",""
"50687","The Circle","The Dream Syndicate                                         ","How Did I Find Myself Here?                                 ","INDIE","06:49:27","00:04:33","01/26/26",""
"50762","My Mouth","Us and Us Only                                              ","Full Flower                                                 ","INDIE","06:54:00","00:03:37","01/26/26",""
"50782","This Time","Land of Talk                                                ","Life After Youth                                            ","INDIE","06:57:37","00:05:48","01/26/26",""
"50019","HepcatSID","Tim Dodge                                                   ","                                                            ","IDS","07:03:25","00:00:10","01/26/26",""
"65673","Blowin' In The Wind","Bob Dylan                                                   ","The Freewheelin' Bob Dylan                                  ","FOLK2","07:03:35","00:02:45","01/26/26",""
"65614","Waltz #2 (Radio Edit)","Elliott Smith                                               ","XO (Deluxe Edition)                                         ","FOLK2","07:06:20","00:03:56","01/26/26",""
"65550","Jacksonville","Sufjan Stevens                                              ","Illinois                                                    ","FOLK2","07:10:16","00:05:25","01/26/26",""
"65682","Alabama","Neil Young                                                  ","Harvest                                                     ","FOLK2","07:15:41","00:04:02","01/26/26",""
"50054","WEGL Jingle Simple","                                                            ","                                                            ","IDS","07:19:43","00:00:05","01/26/26",""
"50106","ALDOT Winter Weather","                                                            ","                                                            ","LONGPSA","07:19:48","00:01:00","01/26/26",""
"50353","Adult Foster Care","ALDHR                                                       ","                                                            ","SHORTPSA","07:20:48","00:00:30","01/26/26",""
"50336","Terry Crews 30","                                                            ","                                                            ","SHORTPSA","07:21:19","00:00:30","01/26/26",""
"65685","Far And Wide","Alex G                                                      ","Headlights                                                  ","FOLK2","07:21:49","00:03:49","01/26/26",""
"65676","Papa Hobo","Paul Simon                                                  ","Paul Simon                                                  ","FOLK2","07:25:38","00:02:34","01/26/26",""
"65566","33 “GOD”","Bon Iver                                                    ","22, A Million                                               ","FOLK2","07:28:12","00:03:27","01/26/26",""
"65520","fearful, forever","Zinga                                                       ","fearful, forever                                            ","FOLK2","07:31:39","00:02:56","01/26/26",""
"50034","Black Student Union SID","Kai Jones                                                   ","                                                            ","IDS","07:34:35","00:00:15","01/26/26",""
"50308","Cheering Section 30","                                                            ","                                                            ","SHORTPSA","07:34:50","00:00:30","01/26/26",""
"50307","DHR Coach Bruce Pearl Adoption","DHR                                                         ","                                                            ","SHORTPSA","07:35:20","00:00:30","01/26/26",""
"50329","Texting & Driving (Two At Once)  30","Gov PSA                                                     ","                                                            ","SHORTPSA","07:35:50","00:00:30","01/26/26",""
"50320","SSS Letters (Oh No) 30","Gov PSA                                                     ","                                                            ","SHORTPSA","07:36:20","00:00:30","01/26/26",""
"50054","WEGL Jingle Simple","                                                            ","                                                            ","IDS","07:36:50","00:00:05","01/26/26",""
"65662","A Most Peculiar Man","Simon & Garfunkel                                           ","Sounds of Silence                                           ","FOLK2","07:36:55","00:02:29","01/26/26",""
"65591","Medicine","Loving                                                      ","Any Light                                                   ","FOLK2","07:39:24","00:04:13","01/26/26",""
"65701","Harvest Breed","Nick Drake                                                  ","Pink Moon                                                   ","FOLK2","07:43:37","00:01:33","01/26/26",""
"65579","Excalibur","Good Morning                                                ","Good Morning Seven                                          ","FOLK2","07:45:10","00:03:21","01/26/26",""
"50331","Feed the Pig (Overboard) 30","Gov PSA                                                     ","                                                            ","SHORTPSA","07:48:31","00:00:31","01/26/26",""
"50129","Beat Drop/WWEGL Joint PSA","L Hurston                                                   ","                                                            ","LONGPSA","07:49:02","00:01:03","01/26/26",""
"50395","JAZZ BLOCK PSA","[CASEY]                                                     ","                                                            ","SHORTPSA","07:50:05","00:00:32","01/26/26",""
"50054","WEGL Jingle Simple","                                                            ","                                                            ","IDS","07:50:37","00:00:05","01/26/26",""
"65570","Dear Prudence","The Beatles                                                 ","The Beatles (The White Album)                               ","FOLK2","07:50:42","00:03:54","01/26/26",""
"65527","Divide","Zeph Embers                                                 ","TAWL                                                        ","FOLK2","07:54:36","00:04:49","01/26/26",""
"50062","Incredibles SID","Syndrome                                                    ","                                                            ","IDS","07:59:25","00:00:10","01/26/26",""
"65568","No Reason","Big Thief                                                   ","Dragon New Warm Mountain I Believe In You                   ","FOLK2","07:59:35","00:03:44","01/26/26",""
"65545","The Bug Collector","Haley Heynderickx                                           ","I Need to Start a Garden                                    ","FOLK2","08:03:19","00:03:45","01/26/26",""
"65635","Need 2","Pinegrove                                                   ","Everything so Far                                           ","FOLK2","08:07:04","00:03:08","01/26/26",""
"65537","Dreamin","Rayland Baxter                                              ","Feathers & Fishhooks                                        ","FOLK2","08:10:12","00:05:30","01/26/26",""
"50054","WEGL Jingle Simple","                                                            ","                                                            ","IDS","08:15:42","00:00:05","01/26/26",""
"50109","St. Jude Finding Family Broadcast 60","                                                            ","                                                            ","LONGPSA","08:15:47","00:00:59","01/26/26",""
"50388","Auburn Veteran's Resource Center PSA","                                                            ","                                                            ","SHORTPSA","08:16:47","00:00:35","01/26/26",""
"50309","Funky Chicken 30","Gov PSA                                                     ","                                                            ","SHORTPSA","08:17:22","00:00:30","01/26/26",""
"65584","Do You Understand (What Has Happened to You)","Slaughter Beach, Dog                                        ","At the Moonbase                                             ","FOLK2","08:17:52","00:04:39","01/26/26",""
"65529","Dark Blue","caroline                                                    ","caroline                                                    ","FOLK2","08:22:31","00:06:30","01/26/26",""
"65569","Ragged Wood","Fleet Foxes                                                 ","Fleet Foxes                                                 ","FOLK2","08:29:01","00:05:05","01/26/26",""
"65547","I Know the End","Phoebe Bridgers                                             ","Punisher                                                    ","FOLK2","08:34:06","00:05:45","01/26/26",""
"50006","Cars SID","Mack                                                        ","                                                            ","IDS","08:39:51","00:00:23","01/26/26",""
"50315","ISSUEVOTER PSA 02","ISSUEVOTER AND [CASEY]                                      ","                                                            ","SHORTPSA","08:40:14","00:00:30","01/26/26",""
"50377","ALW Work Safe 30","                                                            ","                                                            ","SHORTPSA","08:40:44","00:00:30","01/26/26",""
"50344","Indoor Baseball 30","                                                            ","                                                            ","SHORTPSA","08:41:15","00:00:30","01/26/26",""
"50338","Time Machine 30","                                                            ","                                                            ","SHORTPSA","08:41:45","00:00:30","01/26/26",""
"50054","WEGL Jingle Simple","                                                            ","                                                            ","IDS","08:42:15","00:00:04","01/26/26",""
"65716","Made Things Right","Luke Potter                                                 ","Blunt                                                       ","FOLK2","08:42:19","00:01:29","01/26/26",""
"65505","Infinite Rail","Make Sure                                                   ","June                                                        ","FOLK2","08:43:48","00:04:40","01/26/26",""
"65518","Soil's Embrace","Greenish Pools                                              ","ASK ME ABOUT THE WEATHER                                    ","FOLK2","08:48:28","00:06:12","01/26/26",""
"65714","Blunt","Luke Potter, Jack Sears, & Karsen Betzold                   ","Blunt                                                       ","FOLK2","08:54:40","00:04:02","01/26/26",""
"50051","Fishing SID","Hank Hill                                                   ","                                                            ","IDS","08:58:42","00:00:08","01/26/26",""
"65546","Knocking on the Door","Frog                                                        ","Kind of Blah                                                ","FOLK2","08:58:50","00:03:02","01/26/26",""
"65710","A Lotta Things","bonny doon                                                  ","Longwave                                                    ","FOLK2","09:01:52","00:03:16","01/26/26",""
"65562","Tiny Cities Made of Ashes","Sun Kil Moon                                                ","Tiny Cities                                                 ","FOLK2","09:05:08","00:03:12","01/26/26",""
"65542","This Could Be My Last Song.","Frank Watkinson                                             ","This could be my last song / Lullaby - Single               ","FOLK2","09:08:20","00:04:02","01/26/26",""
"50054","WEGL Jingle Simple","                                                            ","                                                            ","IDS","09:12:22","00:00:05","01/26/26",""
"50117","Gift to Future Me 60 (Financial Literacy)","                                                            ","                                                            ","LONGPSA","09:12:27","00:01:00","01/26/26",""
"50322","Stay Sharp (Marcia Gay Harden) 30","Gov PSA                                                     ","                                                            ","SHORTPSA","09:13:27","00:00:32","01/26/26",""
"50305","PetersonFarm","811                                                         ","                                                            ","SHORTPSA","09:13:59","00:00:30","01/26/26",""
"65538","wild woods","lighthearted                                                ","from here on out                                            ","FOLK2","09:14:29","00:04:30","01/26/26",""
"65709","Stardust","Willie Nelson                                               ","Stardust                                                    ","FOLK2","09:18:59","00:03:50","01/26/26",""
"65681","Duncan","Paul Simon                                                  ","Paul Simon                                                  ","FOLK2","09:22:49","00:04:37","01/26/26",""
"65524","boys don't cry","Zinga                                                       ","fearful, forever                                            ","FOLK2","09:27:26","00:02:43","01/26/26",""
"50057","WEGL Sports In House SID 2","                                                            ","                                                            ","IDS","09:30:09","00:00:14","01/26/26",""
"50319","ALDOT Drive Seatbelts EMT","                                                            ","                                                            ","SHORTPSA","09:30:23","00:00:30","01/26/26",""
"50324","Stroke Awareness (Party) 30","Gov PSA                                                     ","                                                            ","SHORTPSA","09:30:53","00:00:31","01/26/26",""
"50310","SSS Bikini 30","Gov PSA                                                     ","                                                            ","SHORTPSA","09:31:24","00:00:30","01/26/26",""
"50396","Geo Club PSA","                                                            ","                                                            ","SHORTPSA","09:31:54","00:00:30","01/26/26",""
"50054","WEGL Jingle Simple","                                                            ","                                                            ","IDS","09:32:24","00:00:05","01/26/26",""
"65657","Leaves That Are Green","Simon & Garfunkel                                           ","Sounds of Silence                                           ","FOLK2","09:32:29","00:02:21","01/26/26",""
"65590","Blue","Loving                                                      ","Blue - Single                                               ","FOLK2","09:34:50","00:02:17","01/26/26",""
"65500","scared away","okemma & Feng's House                                       ","better as an idea.                                          ","FOLK2","09:37:07","00:04:21","01/26/26",""
"65531","To Connect","Floating Action                                             ","Floating Action                                             ","FOLK2","09:41:28","00:04:02","01/26/26",""
"50304","Opioid Abuse","NHHS                                                        ","                                                            ","SHORTPSA","09:45:30","00:00:31","01/26/26",""
"50105","Radon Testing (Gospel) 60","                                                            ","                                                            ","LONGPSA","09:46:01","00:01:00","01/26/26",""
"50389","BARD SESSIONS PSA","[CASEY]                                                     ","                                                            ","SHORTPSA","09:47:01","00:00:35","01/26/26",""
"50054","WEGL Jingle Simple","                                                            ","                                                            ","IDS","09:47:36","00:00:05","01/26/26",""
"65522","the man that i've become","Zinga & myofascia                                           ","fearful, forever                                            ","FOLK2","09:47:41","00:03:09","01/26/26",""
"65687","June Guitar","Alex G                                                      ","Headlights                                                  ","FOLK2","09:50:50","00:03:50","01/26/26",""
"65708","American Spirits","Drumming Bird                                               ","American Spirits - Single                                   ","FOLK2","09:54:40","00:04:03","01/26/26",""
"50000","Hamilton Actor ID","Bryan Terrell Clark                                         ","                                                            ","IDS","09:58:43","00:00:03","01/26/26",""
"50000","Hamilton Actor ID","Bryan Terrell Clark                                         ","                                                            ","IDS","10:53:09","00:00:07","01/26/26",""
"90190","Black Magic Woman","Fleetwood Mac                                               ","                                                            ","ROCK","10:53:16","00:02:50","01/26/26",""
"90292","Knockin' on Heaven's Door","Guns N' Roses                                               ","Greatest Hits                                               ","ROCK","10:56:06","00:05:34","01/26/26",""
"50043","Vintage SID 1","Unknown artist                                              ","Unknown album (10/22/2020 8:55:57 AM)                       ","IDS","11:01:40","00:00:08","01/26/26",""
"90285","Tears Dry On Their Own [Clean]","Amy Winehouse                                               ","                                                            ","ROCK","11:01:48","00:03:05","01/26/26",""
"90019","Paralyzer","Finger Eleven                                               ","                                                            ","ROCK","11:04:53","00:03:25","01/26/26",""
"90199","Fever","The Black Keys                                              ","Turn Blue                                                   ","ROCK","11:08:18","00:04:05","01/26/26",""
"90168","Santa Monica","Everclear                                                   ","                                                            ","ROCK","11:12:23","00:03:12","01/26/26",""
"50381","STD Testing","                                                            ","                                                            ","SHORTPSA","11:15:35","00:00:30","01/26/26",""
"50399","CDCZika-KeepStopping-30-English(1)","                                                            ","                                                            ","SHORTPSA","11:16:05","00:00:30","01/26/26",""
"50128","ASC Natural Disasters","                                                            ","                                                            ","LONGPSA","11:16:35","00:01:00","01/26/26",""
"90209","Why'd You Only Call Me When You're High","Arctic Monkeys                                              ","                                                            ","ROCK","11:17:35","00:02:41","01/26/26",""
"90018","Mountain Song","Jane's Addiction                                            ","                                                            ","ROCK","11:20:16","00:04:00","01/26/26",""
"90159","One More Night","Michael Kiwanuka                                            ","                                                            ","ROCK","11:24:16","00:03:52","01/26/26",""
"90045","Friend Of The Devil - Remastered Version","Grateful Dead                                               ","                                                            ","ROCK","11:28:08","00:03:21","01/26/26",""
"50103","High School Referee 60","                                                            ","                                                            ","LONGPSA","11:31:29","00:01:00","01/26/26",""
"50120","Short Shorts 60","                                                            ","                                                            ","LONGPSA","11:32:29","00:01:00","01/26/26",""
"90146","Maybe I'm Amazed","Paul McCartney                                              ","Wingspan: Hits and History                                  ","ROCK","11:33:29","00:03:48","01/26/26",""
"90414","Big Log","Robert Plant                                                ","                                                            ","ROCK","11:37:17","00:05:02","01/26/26",""
"90201","Don't Dream It's Over","Crowded House                                               ","                                                            ","ROCK","11:42:19","00:03:57","01/26/26",""
"50303","TigerDevPSA","                                                            ","                                                            ","SHORTPSA","11:46:16","00:00:32","01/26/26",""
"50394","Hip Hop Block PSA","                                                            ","                                                            ","SHORTPSA","11:46:48","00:00:31","01/26/26",""
"50347","I Am A Witness_English_30","                                                            ","                                                            ","SHORTPSA","11:47:19","00:00:30","01/26/26",""
"50398","ISSUEVOTER PSA 01","ISSUEVOTER AND [CASEY]                                      ","                                                            ","SHORTPSA","11:47:49","00:00:30","01/26/26",""
"90367","New Kid In Town","Eagles                                                      ","Hotel California                                            ","ROCK","11:48:19","00:05:05","01/26/26",""
"90409","Bama Breeze","Jimmy Buffett                                               ","Take the Weather with You                                   ","ROCK","11:53:24","00:03:11","01/26/26",""
"90336","Keep On Loving You","REO Speedwagon                                              ","                                                            ","ROCK","11:56:35","00:03:20","01/26/26",""
"50015","Green River Ordinance ID","Josh Jenkins                                                ","                                                            ","IDS","11:59:55","00:00:14","01/26/26",""
"90092","Call Me the Breeze","Lynyrd Skynyrd                                              ","Second Helping (Remastered)                                 ","ROCK","12:00:09","00:05:07","01/26/26",""
"90044","Patience","Guns N' Roses                                               ","Greatest Hits                                               ","ROCK","12:05:16","00:05:52","01/26/26",""
"90122","Everything Now","Arcade Fire                                                 ","                                                            ","ROCK","12:11:08","00:05:04","01/26/26",""
"23938","Drive","Incubus                                                     ","Make Yourself                                               ","ROCK","12:16:12","00:03:52","01/26/26",""
"50257","LAWN DOG SESSIONS PSA","[CASEY]                                                     ","                                                            ","SHORTPSA","12:20:04","00:00:26","01/26/26",""
"50331","Feed the Pig (Overboard) 30","Gov PSA                                                     ","                                                            ","SHORTPSA","12:20:30","00:00:31","01/26/26",""
"50115","CDC Tips2 Tiffany Radio 60 psa","                                                            ","                                                            ","LONGPSA","12:21:01","00:01:00","01/26/26",""
"90161","Can't Stop","Red Hot Chili Peppers                                       ","                                                            ","ROCK","12:22:01","00:04:28","01/26/26",""
"90270","The Joker","Steve Miller Band                                           ","                                                            ","ROCK","12:26:29","00:04:24","01/26/26",""
"90372","Three Little Birds","Bob Marley                                                  ","                                                            ","ROCK","12:30:53","00:02:59","01/26/26",""
"90005","Sweetness Follows","R.E.M.                                                      ","Automatic For The People                                    ","ROCK","12:33:52","00:04:18","01/26/26",""
"50123","SKILS 60_1","                                                            ","                                                            ","LONGPSA","12:38:10","00:01:00","01/26/26",""
"50132","UPC HOLIDAY LIGHTS PSA","[CASEY]                                                     ","                                                            ","LONGPSA","12:39:10","00:01:00","01/26/26",""
"90411","YYZ","Rush                                                        ","                                                            ","ROCK","12:40:10","00:04:23","01/26/26",""
"90438","On the Turning Away","Pink Floyd                                                  ","A Momentary Lapse of Reason                                 ","ROCK","12:44:33","00:05:33","01/26/26",""
"90425","Accidentally In Love","Counting Crows                                              ","Accidentally In Love - Single                               ","ROCK","12:50:06","00:02:14","01/26/26",""
"12820","Creep","Stone Temple Pilots                                         ","Thank You                                                   ","DJS","12:52:20","00:05:32","01/26/26",""
"00696","Smooth WEGL ID","                                                            ","                                                            ","IDS","12:57:52","00:00:15","01/26/26",""
"22323","Keegan thrasher - Rattle yer skull (test)","Keegan Thrasher                                             ","Keegan Thrasher                                             ","IMAGING","12:58:07","00:00:32","01/26/26",""
"22326","Sit & Mourn","Knocked Loose                                               ","You Won't Go Before You're Supposed To                      ","DJS","13:02:03","00:04:44","01/26/26",""
"22344","Aspartame","Haste                                                       ","The Mercury Lift                                            ","DJS","13:09:53","00:02:22","01/26/26",""
"50113","LEAD Rolling Hills - First 56","Rae!                                                        ","                                                            ","LONGPSA","13:12:57","00:01:01","01/26/26",""
"50126","Just in Case opioid crisis","Gov PSA                                                     ","                                                            ","LONGPSA","13:13:58","00:01:00","01/26/26",""
"22351","Speed of Film","Elliott                                                     ","False Cathedrals                                            ","DJS","13:17:55","00:04:27","01/26/26",""
"22361","Cursive to Print","Haste                                                       ","HASTE - Unreleased Material                                 ","DJS","13:24:14","00:03:33","01/26/26",""
"50120","Short Shorts 60","                                                            ","                                                            ","LONGPSA","13:28:00","00:01:00","01/26/26",""
"50137","Mortgage Assist Mainstream 60","                                                            ","                                                            ","LONGPSA","13:29:00","00:01:01","01/26/26",""
"22366","Scream of the Butterfly","Acid Bath                                                   ","When the Kite String Pops                                   ","DJS","13:32:40","00:06:13","01/26/26",""
"22379","Vencido","Painful Choice                                              ","Split - EP                                                  ","DJS","13:40:33","00:02:00","01/26/26",""
"50330","Texting & Driving (Driving Rhythm) 30","Gov PSA                                                     ","                                                            ","SHORTPSA","13:42:58","00:00:30","01/26/26",""
"50326","Buzzed Driving (Online Dating) 30","Gov PSA                                                     ","                                                            ","SHORTPSA","13:43:28","00:00:30","01/26/26",""
"50323","Quit Smoking 30","                                                            ","                                                            ","SHORTPSA","13:43:58","00:00:30","01/26/26",""
"50396","Geo Club PSA","                                                            ","                                                            ","SHORTPSA","13:44:28","00:00:31","01/26/26",""
"22368","When the Sun Sleeps","Underoath                                                   ","The Changing of Times                                       ","DJS","13:47:06","00:05:34","01/26/26",""
"22353","If It Makes You Happy","Michael Cera Palin                                          ","I Don't Know How to Explain It - EP                         ","DJS","13:54:27","00:04:08","01/26/26",""
"50026","I AM LEGEND ID","[CASEY]                                                     ","                                                            ","IDS","13:58:35","00:00:10","01/26/26",""
"80969","Some Time Alone, Alone","Melody's Echo Chamber                                       ","Melody's Echo Chamber                                       ","POP","13:58:45","00:01:06","01/26/26",""
"50042","Drumroll SID","Unknown artist                                              ","Unknown album (10/22/2020 8:55:57 AM)                       ","IDS","13:59:51","00:00:07","01/26/26",""
"60323","INTRO TO INTRO SPRING 26","[CASEY]                                                     ","                                                            ","IMAGING","13:59:58","00:00:52","01/26/26",""
"06811","My Best Friend's Girl","The Cars                                                    ","Just What I Needed: The Cars Anthology                      ","DJS","14:01:37","00:03:43","01/26/26",""
"80882","Heart of Glass","Blondie                                                     ","Parallel Lines                                              ","POP","14:11:19","00:03:46","01/26/26",""
"90259","Message In a Bottle","The Police                                                  ","The Very Best of Sting & The Police                         ","ROCK","14:15:26","00:04:45","01/26/26",""
"50336","Terry Crews 30","                                                            ","                                                            ","SHORTPSA","14:20:17","00:00:30","01/26/26",""
"50140","LEAD Tiger Roar Long PSA","RAE!                                                        ","                                                            ","LONGPSA","14:20:47","00:00:59","01/26/26",""
"50394","Hip Hop Block PSA","                                                            ","                                                            ","SHORTPSA","14:21:46","00:00:31","01/26/26",""
"06812","2 H.B.","Roxy Music                                                  ","Roxy Music                                                  ","DJS","14:22:41","00:04:27","01/26/26",""
"50335","Boy Band_English_30","                                                            ","                                                            ","SHORTPSA","14:31:03","00:00:30","01/26/26",""
"50141","ROCK BLOCK PSA","[CASEY]                                                     ","                                                            ","LONGPSA","14:31:33","00:01:00","01/26/26",""
"50310","SSS Bikini 30","Gov PSA                                                     ","                                                            ","SHORTPSA","14:32:33","00:00:30","01/26/26",""
"15061","Whip It","Devo                                                        ","Greatest Hits                                               ","DJS","14:33:22","00:02:37","01/26/26",""
"08325","Video Killed The Radio Star","The Buggles                                                 ","                                                            ","DJS","14:36:30","00:04:10","01/26/26",""
"06810","Stand and Deliver","Adam and the Ants                                           ","Pure... Alternative 80s                                     ","DJS","14:41:00","00:03:04","01/26/26",""
"50309","Funky Chicken 30","Gov PSA                                                     ","                                                            ","SHORTPSA","14:44:15","00:00:30","01/26/26",""
"50121","Attention Men 60","                                                            ","                                                            ","LONGPSA","14:44:45","00:01:01","01/26/26",""
"50339","Call A Friend","VA                                                          ","                                                            ","SHORTPSA","14:45:46","00:00:30","01/26/26",""
"60324","INTRO TO OUTRO SPRING 26","[CASEY]                                                     ","                                                            ","IMAGING","14:50:52","00:00:28","01/26/26",""
"80805","Shampoo Bottles","Peach Pit                                                   ","                                                            ","POP","14:51:20","00:03:20","01/26/26",""
"50044","Hit to Hit Back to Back SID","Unknown artist                                              ","Unknown album (10/22/2020 8:55:57 AM)                       ","IDS","14:54:47","00:00:10","01/26/26",""
"50058","WEGL Golden SID","                                                            ","                                                            ","IDS","15:00:06","00:00:05","01/26/26",""
"60496","THE SUNNY SIDE INTRO FALL 25","[CASEY]                                                     ","                                                            ","IMAGING","15:00:11","00:00:38","01/26/26",""
"27151","Backyard Boy","Claire Rosinkranz                                           ","BeVerly Hills BoYfRiEnd - EP                                ","DJS","15:03:22","00:02:08","01/26/26",""
"17718","Linger","The Cranberries                                             ","Billboard Hot 100 Singles 1994                              ","DJS","15:05:30","00:04:31","01/26/26",""
"76785","It's Our Love","Thee Sacred Souls                                           ","Will I See You Again? - Single                              ","RANDB","15:11:53","00:03:46","01/26/26",""
"76706","Let's Stay Together","Al Green                                                    ","Let's Stay Together                                         ","RANDB","15:15:39","00:03:17","01/26/26",""
"50350","MPox","ADPH                                                        ","                                                            ","SHORTPSA","15:18:56","00:00:30","01/26/26",""
"50324","Stroke Awareness (Party) 30","Gov PSA                                                     ","                                                            ","SHORTPSA","15:19:26","00:00:30","01/26/26",""
"50306","Sunscreen","FDA                                                         ","                                                            ","SHORTPSA","15:19:56","00:00:30","01/26/26",""
"50330","Texting & Driving (Driving Rhythm) 30","Gov PSA                                                     ","                                                            ","SHORTPSA","15:20:26","00:00:30","01/26/26",""
"03305","Forever and Ever, Amen","Randy Travis                                                ","I Told You So: The Ultimate Hits of Randy Travis            ","DJS","15:23:16","00:03:32","01/26/26",""
"27153","Underground","Cody Fry                                                    ","Symphony Sessions                                           ","DJS","15:26:48","00:02:49","01/26/26",""
"15971","The Most Beautiful Thing","Bruno Major                                                 ","To Let A Good Thing Die                                     ","DJS","15:29:37","00:03:54","01/26/26",""
"50103","High School Referee 60","                                                            ","                                                            ","LONGPSA","15:33:31","00:01:00","01/26/26",""
"50102","Feed the Pig (Overboard) 60","Gov PSA                                                     ","                                                            ","LONGPSA","15:34:31","00:01:01","01/26/26",""
"50040","Vintage SID 2","Unknown artist                                              ","Unknown album (10/22/2020 8:55:57 AM)                       ","IDS","15:35:32","00:00:07","01/26/26",""
"76711","Come Back As A Flower","Stevie Wonder                                               ","Journey Through the Secret Life of Plants                   ","RANDB","15:40:47","00:03:37","01/26/26",""
"27152","Edelweiss","Bill Lee & Charmian Carr                                    ","The Sound Of Music (50th Anniversary Edition)               ","DJS","15:44:24","00:02:15","01/26/26",""
"03072","I See the Light","Mandy Moore & Zachary Levi                                  ","Tangled (Soundtrack from the Motion Picture)                ","DJS","15:46:39","00:03:43","01/26/26",""
"50382","ALW Eye on the Prize","                                                            ","                                                            ","SHORTPSA","15:55:45","00:00:30","01/26/26",""
"50333","Drumline (Abuse Recovery) 30","                                                            ","                                                            ","SHORTPSA","15:56:15","00:00:30","01/26/26",""
"50355","Elder Abuse","Adult Protective Services                                   ","                                                            ","SHORTPSA","15:56:45","00:00:30","01/26/26",""
"50373","Rail Safety 30","Stamp                                                       ","ABA PEP                                                     ","SHORTPSA","15:57:15","00:00:30","01/26/26",""
"60497","THE SUNNY SIDE OUTRO FALL 25","[CASEY]                                                     ","                                                            ","IMAGING","15:57:45","00:00:35","01/26/26",""
"05813","Everytown there's a darling","Finn Wolfhard                                               ","Happy Birthday                                              ","DJS","15:58:20","00:01:57","01/26/26",""
"50045","Clock Radio SID","                                                            ","                                                            ","IDS","16:00:17","00:00:12","01/26/26",""
"60396","PYGA-TEMP INTRO FALL 25","[CASEY]                                                     ","                                                            ","IMAGING","16:00:29","00:00:27","01/26/26",""
"25950","Second Best","The Last Dinner Party                                       ","From The Pyre [Explicit]                                    ","DJS","16:04:44","00:03:30","01/26/26",""
"50309","Funky Chicken 30","Gov PSA                                                     ","                                                            ","SHORTPSA","16:16:06","00:00:30","01/26/26",""
"50385","WEGL SESSIONS PSA","[CASEY]                                                     ","                                                            ","SHORTPSA","16:16:36","00:00:29","01/26/26",""
"50118","Rockstar 60","                                                            ","                                                            ","LONGPSA","16:17:05","00:00:59","01/26/26",""
"12602","She's Electric","Oasis                                                       ","(What's the Story) Morning Glory?                           ","DJS","16:18:13","00:03:41","01/26/26",""
"50107","Dr Phil 60","                                                            ","                                                            ","LONGPSA","16:31:02","00:01:00","01/26/26",""
"50317","Compact Discourse 1 30s","                                                            ","                                                            ","SHORTPSA","16:32:02","00:00:30","01/26/26",""
"50335","Boy Band_English_30","                                                            ","                                                            ","SHORTPSA","16:32:32","00:00:31","01/26/26",""
"50618","Chaos Space Marine","Black Country, New Road                                     ","Ants From Up There                                          ","INDIE","16:33:25","00:03:34","01/26/26",""
"50106","ALDOT Winter Weather","                                                            ","                                                            ","LONGPSA","16:46:51","00:01:00","01/26/26",""
"50108","Multiple Sclerosis 60","                                                            ","                                                            ","LONGPSA","16:47:51","00:01:02","01/26/26",""
"13727","Goodbye","The Sundays                                                 ","Blind                                                       ","DJS","16:52:53","00:03:04","01/26/26",""
"60397","PYGA-TEMP OUTRO FALL 25","[CASEY]                                                     ","                                                            ","IMAGING","16:55:59","00:00:33","01/26/26",""
"80691","Heater","Gleemer                                                     ","Moving Away                                                 ","POP","16:56:32","00:03:05","01/26/26",""
"03350","Ophelia","The Lumineers                                               ","Cleopatra (Deluxe)                                          ","DJS","17:02:40","00:02:38","01/26/26",""
"03588","Something Just Like This","The Chainsmokers & Coldplay                                 ","Memories...Do Not Open                                      ","DJS","17:05:18","00:04:06","01/26/26",""
"90171","Cigarette Daydreams","Cage The Elephant                                           ","                                                            ","ROCK","17:10:37","00:03:27","01/26/26",""
"50101","Breakup (Adoption) 60","                                                            ","                                                            ","LONGPSA","17:14:04","00:01:00","01/26/26",""
"50336","Terry Crews 30","                                                            ","                                                            ","SHORTPSA","17:15:04","00:00:31","01/26/26",""
"50373","Rail Safety 30","Stamp                                                       ","ABA PEP                                                     ","SHORTPSA","17:15:35","00:00:30","01/26/26",""
"50042","Drumroll SID","Unknown artist                                              ","Unknown album (10/22/2020 8:55:57 AM)                       ","IDS","17:16:05","00:00:07","01/26/26",""
"03468","Out of My League","Fitz and The Tantrums                                       ","More Than Just a Dream (Deluxe Version)                     ","DJS","17:16:12","00:03:28","01/26/26",""
"80711","505","Arctic Monkeys                                              ","                                                            ","POP","17:23:09","00:04:11","01/26/26",""
"03529","Kiwi","Harry Styles                                                ","Harry Styles                                                ","DJS","17:27:20","00:02:55","01/26/26",""
"50138","Coming Around","ALClean Fuels Coalition                                     ","                                                            ","LONGPSA","17:30:15","00:00:59","01/26/26",""
"50391","All In One Tix Mainstream","AL Tourism Department                                       ","                                                            ","SHORTPSA","17:31:14","00:00:30","01/26/26",""
"50395","JAZZ BLOCK PSA","[CASEY]                                                     ","                                                            ","SHORTPSA","17:31:44","00:00:32","01/26/26",""
"50054","WEGL Jingle Simple","                                                            ","                                                            ","IDS","17:32:16","00:00:05","01/26/26",""
"03124","Dance The Night (Radio Edit)","Dua Lipa                                                    ","                                                            ","DJS","17:40:21","00:02:55","01/26/26",""
"03059","Ain't No Love In Oklahoma (Radio Edit)","Luke Combs                                                  ","                                                            ","DJS","17:43:16","00:03:30","01/26/26",""
"03465","Golden","HUNTR/X, EJAE, AUDREY NUNA, REI AMI & KPop Demon Hunters Cas","KPop Demon Hunters (Soundtrack from the Netflix Film)       ","DJS","17:50:59","00:03:12","01/26/26",""
"50044","Hit to Hit Back to Back SID","Unknown artist                                              ","Unknown album (10/22/2020 8:55:57 AM)                       ","IDS","17:54:11","00:00:09","01/26/26",""
"50010","Hank Hill ID","Rae!                                                        ","                                                            ","IDS","18:01:28","00:00:11","01/26/26",""
"60477","I LISTEN TO EVERYTHING INTRO","[CASEY]                                                     ","                                                            ","IMAGING","18:01:39","00:00:44","01/26/26",""
"03304","Two Dozen Roses","Shenandoah                                                  ","Super Hits                                                  ","DJS","18:03:17","00:03:40","01/26/26",""
"09831","Honky Tonk Moon","Randy Travis                                                ","                                                            ","DJS","18:06:57","00:02:49","01/26/26",""
"47814","He Stopped Loving Her Today","George Jones                                                ","Super Hits [1987]                                           ","DJS","18:11:39","00:03:15","01/26/26",""
"50101","Breakup (Adoption) 60","                                                            ","                                                            ","LONGPSA","18:14:54","00:01:00","01/26/26",""
"50144","KHARI LEE SESSIONS PSA","[CASEY]                                                     ","                                                            ","LONGPSA","18:15:54","00:00:48","01/26/26",""
"09802","Little Sparrow","Dolly Parton                                                ","Little Sparrow                                              ","DJS","18:17:06","00:04:11","01/26/26",""
"09815","Timber, I'm Falling in Love","Patty Loveless                                              ","20th Century Masters - The Millennium Collection: The Best o","DJS","18:21:17","00:02:29","01/26/26",""
"03289","The Night the Lights Went Out in Georgia","Reba McEntire                                               ","For My Broken Heart                                         ","DJS","18:25:00","00:04:14","01/26/26",""
"50107","Dr Phil 60","                                                            ","                                                            ","LONGPSA","18:29:23","00:01:00","01/26/26",""
"50141","ROCK BLOCK PSA","[CASEY]                                                     ","                                                            ","LONGPSA","18:30:23","00:01:00","01/26/26",""
"50003","Dale Gribbles ID","Rae!                                                        ","                                                            ","IDS","18:31:23","00:00:10","01/26/26",""
"60557","I Think I'll Just Stay Here and Drink","Merle Haggard                                               ","20th Century Masters - The Millennium Collection: The Best o","FOLK","18:32:01","00:04:29","01/26/26",""
"03461","If You're Gonna Play In Texas (You Gotta Have a Fiddle In th","Alabama                                                     ","Ultimate Alabama: 20 #1 Hits                                ","DJS","18:40:48","00:03:20","01/26/26",""
"50112","All Kids 2023","ADPH                                                        ","                                                            ","LONGPSA","18:44:16","00:01:00","01/26/26",""
"50138","Coming Around","ALClean Fuels Coalition                                     ","                                                            ","LONGPSA","18:45:16","00:00:59","01/26/26",""
"60600","Fishin' In the Dark","Nitty Gritty Dirt Band                                      ","Fishin' In the Dark / Keepin' the Road Hot [Digital 45]     ","FOLK","18:48:04","00:03:19","01/26/26",""
"60551","The Gambler","Kenny Rogers                                                ","The Gambler                                                 ","FOLK","18:51:23","00:03:29","01/26/26",""
"60542","Amarillo By Morning","George Strait                                               ","Strait Out Of The Box [Disc 1]                              ","FOLK","18:57:04","00:02:51","01/26/26",""
"50015","Green River Ordinance ID","Josh Jenkins                                                ","                                                            ","IDS","18:59:55","00:00:14","01/26/26",""
"55321","A Sad Cartoon","Loathe                                                      ","I Let It in and It Took Everything                          ","ALTROCK","19:00:09","00:05:16","01/26/26",""
"55384","Something I Learned Today","Hüsker Dü                                                   ","Zen Arcade                                                  ","ALTROCK","19:05:25","00:02:01","01/26/26",""
"55349","stereo cranium","okemma                                                      ","better as an idea.                                          ","ALTROCK","19:07:26","00:03:27","01/26/26",""
"55318","Celia's Dream","Slowdive                                                    ","Just For A Day                                              ","ALTROCK","19:10:53","00:04:06","01/26/26",""
"50054","WEGL Jingle Simple","                                                            ","                                                            ","IDS","19:14:59","00:00:05","01/26/26",""
"50118","Rockstar 60","                                                            ","                                                            ","LONGPSA","19:15:04","00:00:59","01/26/26",""
"50142","Rental Assistance Mainstream","AL Housing                                                  ","                                                            ","LONGPSA","19:16:03","00:01:00","01/26/26",""
"55307","Ptolemaea","Ethel Cain                                                  ","Preacher's Daughter                                         ","ALTROCK","19:17:03","00:06:23","01/26/26",""
"55340","Good People","The Band Silhouette                                         ","Seedlings                                                   ","ALTROCK","19:23:26","00:04:07","01/26/26",""
"55338","Dreams Burn Down","Ride                                                        ","Nowhere                                                     ","ALTROCK","19:27:33","00:06:01","01/26/26",""
"55409","Diamond One","Koyo                                                        ","Drives Out East                                             ","ALTROCK","19:33:34","00:03:01","01/26/26",""
"50054","WEGL Jingle Simple","                                                            ","                                                            ","IDS","19:36:35","00:00:05","01/26/26",""
"50333","Drumline (Abuse Recovery) 30","                                                            ","                                                            ","SHORTPSA","19:36:40","00:00:30","01/26/26",""
"50392","Coming Around","AL Clean Fuels Coalition                                    ","                                                            ","SHORTPSA","19:37:10","00:00:30","01/26/26",""
"50138","Coming Around","ALClean Fuels Coalition                                     ","                                                            ","LONGPSA","19:37:40","00:00:59","01/26/26",""
"50010","Hank Hill ID","Rae!                                                        ","                                                            ","IDS","19:38:39","00:00:11","01/26/26",""
"55398","Made Of Stone","The Stone Roses                                             ","The Very Best of the Stone Roses                            ","ALTROCK","19:38:50","00:04:13","01/26/26",""
"55386","Waiting Room","Fugazi                                                      ","13 Songs                                                    ","ALTROCK","19:43:04","00:02:53","01/26/26",""
"55309","Had 2 Try","Hotline TNT                                                 ","Nineteen In Love                                            ","ALTROCK","19:45:57","00:03:12","01/26/26",""
"50321","Puppy Mill 30","Gov PSA                                                     ","                                                            ","SHORTPSA","19:49:09","00:00:30","01/26/26",""
"50348","AL Workforce","                                                            ","                                                            ","SHORTPSA","19:49:39","00:00:30","01/26/26",""
"50388","Auburn Veteran's Resource Center PSA","                                                            ","                                                            ","SHORTPSA","19:50:09","00:00:36","01/26/26",""
"50367","Mortgage Assist Urban 30","                                                            ","                                                            ","SHORTPSA","19:50:45","00:00:30","01/26/26",""
"50054","WEGL Jingle Simple","                                                            ","                                                            ","IDS","19:51:15","00:00:05","01/26/26",""
"55450","Brutally Love You","Radio Decay                                                 ","Nothing Ever By Itself                                      ","ALTROCK","19:51:20","00:02:42","01/26/26",""
"55378","My War","Black Flag                                                  ","My War                                                      ","ALTROCK","19:54:02","00:03:46","01/26/26",""
"55415","(Lost Another) Piece Of My World","Turnstile                                                   ","Time & Space                                                ","ALTROCK","19:57:48","00:01:50","01/26/26",""
"50028","What's the Weather SID","Robin Williams                                              ","                                                            ","IDS","19:59:38","00:00:07","01/26/26",""
"55424","You Can't Say Kingston Doesn't Love You","Title Fight                                                 ","Shed                                                        ","ALTROCK","19:59:45","00:01:42","01/26/26",""
"00696","Smooth WEGL ID","                                                            ","                                                            ","IDS","20:01:27","00:00:16","01/26/26",""
"11178","Flying Golem","Wand                                                        ","Ganglion Reef                                               ","DJS","20:01:43","00:00:21","01/26/26",""
"11919","My Lady's On Fire","Ty Segall                                                   ","Freedom's Goblin                                            ","DJS","20:03:04","00:03:49","01/26/26",""
"11189","Your Gonna Miss Me","The 13th Floor Elevators                                    ","The 13th Floor Elevators - Your Gonna Miss Me               ","DJS","20:09:30","00:02:28","01/26/26",""
"50331","Feed the Pig (Overboard) 30","Gov PSA                                                     ","                                                            ","SHORTPSA","20:11:58","00:00:30","01/26/26",""
"50122","WEGL WEBSITE PSA","[CASEY]                                                     ","                                                            ","LONGPSA","20:12:28","00:01:00","01/26/26",""
"50329","Texting & Driving (Two At Once)  30","Gov PSA                                                     ","                                                            ","SHORTPSA","20:13:28","00:00:30","01/26/26",""
"90076","Nuclear Fusion","King Gizzard & The Lizard Wizard                            ","Flying Microtonal Banana                                    ","ROCK","20:17:31","00:04:15","01/26/26",""
"11144","Haunted","Pinc Louds                                                  ","                                                            ","DJS","20:25:40","00:05:28","01/26/26",""
"49931","Two Minute PSA 9","Rae                                                         ","                                                            ","SPORTS","20:31:08","00:02:03","01/26/26",""
"11171","Move","Psychedelic Porn Crumpets                                   ","High Visceral, Pt. 2                                        ","DJS","20:35:38","00:04:30","01/26/26",""
"11177","Reaper","Frankie & The Witch Fingers                                 ","Monsters Eating People Eating Monsters...                   ","DJS","20:41:37","00:03:46","01/26/26",""
"49981","Two Minute PSA 1","Rae                                                         ","                                                            ","SPORTS","20:45:23","00:02:01","01/26/26",""
"11172","Opinions","Waxhead                                                     ","Cruise Control - EP                                         ","DJS","20:48:01","00:05:11","01/26/26",""
"11163","Apple Green","Mother Earth                                                ","The People Tree Deluxe                                      ","DJS","20:53:12","00:04:23","01/26/26",""
"12389","Shalala","Moses Gun Collective                                        ","                                                            ","DJS","20:57:47","00:00:30","01/26/26",""
"00696","Smooth WEGL ID","                                                            ","                                                            ","IDS","20:58:19","00:00:15","01/26/26",""
"50044","Hit to Hit Back to Back SID","Unknown artist                                              ","Unknown album (10/22/2020 8:55:57 AM)                       ","IDS","20:58:35","00:00:09","01/26/26",""
"50362","LEAD Bees - First 56","Rae!                                                        ","                                                            ","SHORTPSA","21:14:02","00:00:36","01/26/26",""
"50131","LOCAL BLOCK PSA","[CASEY]                                                     ","                                                            ","LONGPSA","21:14:38","00:00:45","01/26/26",""
"50302","NEW Sound Psa Short","Rae!                                                        ","                                                            ","SHORTPSA","21:15:23","00:00:22","01/26/26",""
"50319","ALDOT Drive Seatbelts EMT","                                                            ","                                                            ","SHORTPSA","21:25:13","00:00:30","01/26/26",""
"50125","ASC Get Rich 60","                                                            ","                                                            ","LONGPSA","21:25:43","00:01:00","01/26/26",""
"50322","Stay Sharp (Marcia Gay Harden) 30","Gov PSA                                                     ","                                                            ","SHORTPSA","21:26:43","00:00:33","01/26/26",""
"50318","Choose Adoption 30","Gov PSA                                                     ","                                                            ","SHORTPSA","21:43:18","00:00:30","01/26/26",""
"50112","All Kids 2023","ADPH                                                        ","                                                            ","LONGPSA","21:43:48","00:01:00","01/26/26",""
"50349","Dr. Hepcat Show Promo _mixdown","                                                            ","                                                            ","SHORTPSA","21:44:48","00:00:26","01/26/26",""
"50069","Nardwuar ID","Nardwuar                                                    ","                                                            ","IDS","22:02:20","00:00:21","01/26/26",""
"50312","St. Jude Finding Family Broadcast 30","                                                            ","                                                            ","SHORTPSA","22:18:34","00:00:30","01/26/26",""
"50138","Coming Around","ALClean Fuels Coalition                                     ","                                                            ","LONGPSA","22:19:04","00:00:59","01/26/26",""
"50330","Texting & Driving (Driving Rhythm) 30","Gov PSA                                                     ","                                                            ","SHORTPSA","22:20:03","00:00:31","01/26/26",""
"50308","Cheering Section 30","                                                            ","                                                            ","SHORTPSA","22:31:51","00:00:30","01/26/26",""
"50126","Just in Case opioid crisis","Gov PSA                                                     ","                                                            ","LONGPSA","22:32:21","00:01:00","01/26/26",""
"47849","ADPH COVID Fall 23 Jeremy","                                                            ","                                                            ","SHORTPSA","22:33:21","00:00:30","01/26/26",""
"50390","All In One Tix Urban","AL Tourism Department                                       ","                                                            ","SHORTPSA","22:49:43","00:00:30","01/26/26",""
"50113","LEAD Rolling Hills - First 56","Rae!                                                        ","                                                            ","LONGPSA","22:50:13","00:01:01","01/26/26",""
"50352","ADDN COVID VAX","AL Develeopmental Disabilities Network                      ","                                                            ","SHORTPSA","22:51:14","00:00:30","01/26/26",""
"50378","ISSUEVOTER PSA 03","ISSUEVOTER AND [CASEY]                                      ","                                                            ","SHORTPSA","23:23:35","00:00:31","01/26/26",""
"50112","All Kids 2023","ADPH                                                        ","                                                            ","LONGPSA","23:24:06","00:01:00","01/26/26",""
"50363","Mortgage Assist Mainstream 30","                                                            ","                                                            ","SHORTPSA","23:25:06","00:00:30","01/26/26",""
"50306","Sunscreen","FDA                                                         ","                                                            ","SHORTPSA","23:36:49","00:00:29","01/26/26",""
"50313","Don't Litter (P.A.L.S) 30","Gov PSA                                                     ","                                                            ","SHORTPSA","23:37:18","00:00:30","01/26/26",""
"50343","Tickle Fight 30","                                                            ","                                                            ","SHORTPSA","23:37:48","00:00:31","01/26/26",""
"50257","LAWN DOG SESSIONS PSA","[CASEY]                                                     ","                                                            ","SHORTPSA","23:38:19","00:00:26","01/26/26",""
"50121","Attention Men 60","                                                            ","                                                            ","LONGPSA","23:48:13","00:01:00","01/26/26",""
"50118","Rockstar 60","                                                            ","                                                            ","LONGPSA","23:49:13","00:00:59","01/26/26",""
